Fecha,ventas
2016-01-01,91.0
2016-01-02,88.0
2016-01-03,127.0
2016-01-04,62.0
2016-01-05,72.0
2016-01-06,111.0
2016-01-07,137.0
2016-01-08,76.0
2016-01-09,128.0
2016-01-10,126.0
2016-01-11,216.0
2016-01-12,72.0
2016-01-13,76.0
2016-01-14,126.0
2016-01-15,109.0
2016-01-16,56.0
2016-01-17,119.0
2016-01-18,67.0
2016-01-19,79.0
2016-01-20,75.0
2016-01-21,116.0
2016-01-22,114.0
2016-01-23,118.0
2016-01-24,114.0
2016-01-25,98.0
2016-01-26,65.0
2016-01-27,123.0
2016-01-28,108.0
2016-01-29,68.0
2016-01-30,116.0
2016-01-31,111.0
2016-02-01,160.0
2016-02-02,41.0
2016-02-03,160.0
2016-02-04,94.0
2016-02-05,105.0
2016-02-06,115.0
2016-02-07,51.0
2016-02-08,125.0
2016-02-09,34.0
2016-02-10,122.0
2016-02-11,68.0
2016-02-12,45.0
2016-02-13,125.0
2016-02-14,108.0
2016-02-15,121.0
2016-02-16,137.0
2016-02-17,108.0
2016-02-18,146.0
2016-02-19,88.0
2016-02-20,87.0
2016-02-21,103.0
2016-02-22,85.0
2016-02-23,94.0
2016-02-24,134.0
2016-02-25,85.0
2016-02-26,118.0
2016-02-27,112.0
2016-02-28,141.0
2016-02-29,59.0
2016-03-01,88.0
2016-03-02,72.0
2016-03-03,98.0
2016-03-04,92.0
2016-03-05,94.0
2016-03-06,104.0
2016-03-07,144.0
2016-03-08,96.0
2016-03-09,122.0
2016-03-10,109.0
2016-03-11,187.0
2016-03-12,71.0
2016-03-13,12.0
2016-03-14,70.0
2016-03-15,101.0
2016-03-16,85.0
2016-03-17,53.0
2016-03-18,45.0
2016-03-19,136.0
2016-03-20,113.0
2016-03-21,150.0
2016-03-22,135.0
2016-03-23,54.0
2016-03-24,72.0
2016-03-25,111.0
2016-03-26,98.0
2016-03-27,124.0
2016-03-28,117.0
2016-03-29,89.0
2016-03-30,84.0
2016-03-31,103.0
2016-04-01,80.0
2016-04-02,141.0
2016-04-03,106.0
2016-04-04,74.0
2016-04-05,96.0
2016-04-06,105.0
2016-04-07,72.0
2016-04-08,2.0
2016-04-09,47.0
2016-04-10,39.0
2016-04-11,111.0
2016-04-12,87.0
2016-04-13,123.0
2016-04-14,148.0
2016-04-15,52.0
2016-04-16,88.0
2016-04-17,82.0
2016-04-18,98.0
2016-04-19,122.0
2016-04-20,87.0
2016-04-21,82.0
2016-04-22,101.0
2016-04-23,131.0
2016-04-24,68.0
2016-04-25,88.0
2016-04-26,120.0
2016-04-27,83.0
2016-04-28,110.0
2016-04-29,97.0
2016-04-30,134.0
2016-05-01,89.0
2016-05-02,99.0
2016-05-03,144.0
2016-05-04,67.0
2016-05-05,109.0
2016-05-06,76.0
2016-05-07,130.0
2016-05-08,92.0
2016-05-09,42.0
2016-05-10,54.0
2016-05-11,70.0
2016-05-12,102.0
2016-05-13,71.0
2016-05-14,143.0
2016-05-15,84.0
2016-05-16,108.0
2016-05-17,86.0
2016-05-18,149.0
2016-05-19,132.0
2016-05-20,138.0
2016-05-21,186.0
2016-05-22,159.0
2016-05-23,116.0
2016-05-24,126.0
2016-05-25,106.0
2016-05-26,155.0
2016-05-27,78.0
2016-05-28,112.0
2016-05-29,128.0
2016-05-30,68.0
2016-05-31,100.0
2016-06-01,104.0
2016-06-02,103.0
2016-06-03,116.0
2016-06-04,98.0
2016-06-05,89.0
2016-06-06,132.0
2016-06-07,98.0
2016-06-08,41.0
2016-06-09,96.0
2016-06-10,90.0
2016-06-11,144.0
2016-06-12,74.0
2016-06-13,133.0
2016-06-14,103.0
2016-06-15,169.0
2016-06-16,116.0
2016-06-17,77.0
2016-06-18,114.0
2016-06-19,76.0
2016-06-20,67.0
2016-06-21,41.0
2016-06-22,111.0
2016-06-23,98.0
2016-06-24,87.0
2016-06-25,71.0
2016-06-26,132.0
2016-06-27,156.0
2016-06-28,66.0
2016-06-29,113.0
2016-06-30,83.0
2016-07-01,126.0
2016-07-02,117.0
2016-07-03,117.0
2016-07-04,154.0
2016-07-05,103.0
2016-07-06,26.0
2016-07-07,100.0
2016-07-08,75.0
2016-07-09,103.0
2016-07-10,74.0
2016-07-11,148.0
2016-07-12,108.0
2016-07-13,67.0
2016-07-14,58.0
2016-07-15,81.0
2016-07-16,108.0
2016-07-17,67.0
2016-07-18,56.0
2016-07-19,137.0
2016-07-20,98.0
2016-07-21,75.0
2016-07-22,89.0
2016-07-23,130.0
2016-07-24,140.0
2016-07-25,16.0
2016-07-26,92.0
2016-07-27,94.0
2016-07-28,82.0
2016-07-29,109.0
2016-07-30,180.0
2016-07-31,53.0
2016-08-01,141.0
2016-08-02,87.0
2016-08-03,94.0
2016-08-04,87.0
2016-08-05,121.0
2016-08-06,84.0
2016-08-07,47.0
2016-08-08,107.0
2016-08-09,142.0
2016-08-10,148.0
2016-08-11,123.0
2016-08-12,128.0
2016-08-13,60.0
2016-08-14,147.0
2016-08-15,112.0
2016-08-16,113.0
2016-08-17,36.0
2016-08-18,40.0
2016-08-19,104.0
2016-08-20,153.0
2016-08-21,159.0
2016-08-22,88.0
2016-08-23,120.0
2016-08-24,112.0
2016-08-25,111.0
2016-08-26,93.0
2016-08-27,70.0
2016-08-28,132.0
2016-08-29,127.0
2016-08-30,75.0
2016-08-31,85.0
2016-09-01,72.0
2016-09-02,62.0
2016-09-03,139.0
2016-09-04,42.0
2016-09-05,106.0
2016-09-06,160.0
2016-09-07,78.0
2016-09-08,89.0
2016-09-09,83.0
2016-09-10,119.0
2016-09-11,111.0
2016-09-12,33.0
2016-09-13,113.0
2016-09-14,137.0
2016-09-15,100.0
2016-09-16,180.0
2016-09-17,66.0
2016-09-18,170.0
2016-09-19,150.0
2016-09-20,124.0
2016-09-21,52.0
2016-09-22,68.0
2016-09-23,132.0
2016-09-24,96.0
2016-09-25,39.0
2016-09-26,121.0
2016-09-27,143.0
2016-09-28,63.0
2016-09-29,84.0
2016-09-30,121.0
2016-10-01,110.0
2016-10-02,93.0
2016-10-03,96.0
2016-10-04,77.0
2016-10-05,56.0
2016-10-06,28.0
2016-10-07,73.0
2016-10-08,125.0
2016-10-09,75.0
2016-10-10,66.0
2016-10-11,51.0
2016-10-12,123.0
2016-10-13,103.0
2016-10-14,131.0
2016-10-15,82.0
2016-10-16,132.0
2016-10-17,107.0
2016-10-18,122.0
2016-10-19,132.0
2016-10-20,77.0
2016-10-21,158.0
2016-10-22,112.0
2016-10-23,70.0
2016-10-24,152.0
2016-10-25,66.0
2016-10-26,49.0
2016-10-27,94.0
2016-10-28,133.0
2016-10-29,61.0
2016-10-30,74.0
2016-10-31,98.0
2016-11-01,61.0
2016-11-02,99.0
2016-11-03,118.0
2016-11-04,141.0
2016-11-05,125.0
2016-11-06,112.0
2016-11-07,120.0
2016-11-08,117.0
2016-11-09,58.0
2016-11-10,95.0
2016-11-11,65.0
2016-11-12,62.0
2016-11-13,73.0
2016-11-14,58.0
2016-11-15,132.0
2016-11-16,71.0
2016-11-17,87.0
2016-11-18,103.0
2016-11-19,80.0
2016-11-20,119.0
2016-11-21,112.0
2016-11-22,91.0
2016-11-23,95.0
2016-11-24,121.0
2016-11-25,200.0
2016-11-26,115.0
2016-11-27,72.0
2016-11-28,139.0
2016-11-29,97.0
2016-11-30,92.0
2016-12-01,93.0
2016-12-02,103.0
2016-12-03,162.0
2016-12-04,60.0
2016-12-05,59.0
2016-12-06,82.0
2016-12-07,54.0
2016-12-08,78.0
2016-12-09,102.0
2016-12-10,83.0
2016-12-11,102.0
2016-12-12,69.0
2016-12-13,83.0
2016-12-14,49.0
2016-12-15,73.0
2016-12-16,128.0
2016-12-17,130.0
2016-12-18,95.0
2016-12-19,101.0
2016-12-20,99.0
2016-12-21,88.0
2016-12-22,85.0
2016-12-23,81.0
2016-12-24,73.0
2016-12-25,172.0
2016-12-26,93.0
2016-12-27,87.0
2016-12-28,120.0
2016-12-29,87.0
2016-12-30,77.0
2016-12-31,84.0
2017-01-01,87.0
2017-01-02,54.0
2017-01-03,96.0
2017-01-04,104.0
2017-01-05,48.0
2017-01-06,62.0
2017-01-07,97.0
2017-01-08,98.0
2017-01-09,111.0
2017-01-10,175.0
2017-01-11,102.0
2017-01-12,58.0
2017-01-13,94.0
2017-01-14,68.0
2017-01-15,148.0
2017-01-16,72.0
2017-01-17,60.0
2017-01-18,103.0
2017-01-19,122.0
2017-01-20,54.0
2017-01-21,109.0
2017-01-22,33.0
2017-01-23,103.0
2017-01-24,65.0
2017-01-25,74.0
2017-01-26,126.0
2017-01-27,168.0
2017-01-28,79.0
2017-01-29,109.0
2017-01-30,132.0
2017-01-31,93.0
2017-02-01,53.0
2017-02-02,109.0
2017-02-03,118.0
2017-02-04,80.0
2017-02-05,118.0
2017-02-06,58.0
2017-02-07,110.0
2017-02-08,177.0
2017-02-09,111.0
2017-02-10,107.0
2017-02-11,99.0
2017-02-12,176.0
2017-02-13,122.0
2017-02-14,106.0
2017-02-15,85.0
2017-02-16,108.0
2017-02-17,120.0
2017-02-18,69.0
2017-02-19,103.0
2017-02-20,97.0
2017-02-21,109.0
2017-02-22,157.0
2017-02-23,149.0
2017-02-24,141.0
2017-02-25,117.0
2017-02-26,107.0
2017-02-27,97.0
2017-02-28,110.0
2017-03-01,113.0
2017-03-02,40.0
2017-03-03,133.0
2017-03-04,59.0
2017-03-05,79.0
2017-03-06,74.0
2017-03-07,146.0
2017-03-08,105.0
2017-03-09,148.0
2017-03-10,75.0
2017-03-11,111.0
2017-03-12,127.0
2017-03-13,74.0
2017-03-14,110.0
2017-03-15,121.0
2017-03-16,86.0
2017-03-17,136.0
2017-03-18,108.0
2017-03-19,112.0
2017-03-20,126.0
2017-03-21,147.0
2017-03-22,28.0
2017-03-23,105.0
2017-03-24,110.0
2017-03-25,95.0
2017-03-26,79.0
2017-03-27,66.0
2017-03-28,147.0
2017-03-29,89.0
2017-03-30,54.0
2017-03-31,61.0
2017-04-01,145.0
2017-04-02,93.0
2017-04-03,93.0
2017-04-04,161.0
2017-04-05,131.0
2017-04-06,81.0
2017-04-07,54.0
2017-04-08,77.0
2017-04-09,34.0
2017-04-10,114.0
2017-04-11,156.0
2017-04-12,99.0
2017-04-13,103.0
2017-04-14,86.0
2017-04-15,112.0
2017-04-16,72.0
2017-04-17,158.0
2017-04-18,121.0
2017-04-19,94.0
2017-04-20,147.0
2017-04-21,70.0
2017-04-22,155.0
2017-04-23,105.0
2017-04-24,142.0
2017-04-25,55.0
2017-04-26,95.0
2017-04-27,111.0
2017-04-28,141.0
2017-04-29,69.0
2017-04-30,131.0
2017-05-01,122.0
2017-05-02,106.0
2017-05-03,64.0
2017-05-04,102.0
2017-05-05,76.0
2017-05-06,119.0
2017-05-07,125.0
2017-05-08,66.0
2017-05-09,112.0
2017-05-10,103.0
2017-05-11,76.0
2017-05-12,69.0
2017-05-13,104.0
2017-05-14,78.0
2017-05-15,27.0
2017-05-16,76.0
2017-05-17,85.0
2017-05-18,116.0
2017-05-19,106.0
2017-05-20,141.0
2017-05-21,45.0
2017-05-22,83.0
2017-05-23,102.0
2017-05-24,128.0
2017-05-25,95.0
2017-05-26,91.0
2017-05-27,92.0
2017-05-28,105.0
2017-05-29,127.0
2017-05-30,86.0
2017-05-31,132.0
2017-06-01,70.0
2017-06-02,128.0
2017-06-03,117.0
2017-06-04,78.0
2017-06-05,66.0
2017-06-06,123.0
2017-06-07,72.0
2017-06-08,76.0
2017-06-09,101.0
2017-06-10,117.0
2017-06-11,46.0
2017-06-12,140.0
2017-06-13,113.0
2017-06-14,162.0
2017-06-15,173.0
2017-06-16,91.0
2017-06-17,125.0
2017-06-18,108.0
2017-06-19,159.0
2017-06-20,80.0
2017-06-21,104.0
2017-06-22,11.0
2017-06-23,24.0
2017-06-24,84.0
2017-06-25,117.0
2017-06-26,114.0
2017-06-27,59.0
2017-06-28,75.0
2017-06-29,95.0
2017-06-30,7.0
2017-07-01,102.0
2017-07-02,65.0
2017-07-03,157.0
2017-07-04,135.0
2017-07-05,59.0
2017-07-06,78.0
2017-07-07,134.0
2017-07-08,102.0
2017-07-09,67.0
2017-07-10,126.0
2017-07-11,67.0
2017-07-12,53.0
2017-07-13,96.0
2017-07-14,123.0
2017-07-15,99.0
2017-07-16,69.0
2017-07-17,129.0
2017-07-18,22.0
2017-07-19,101.0
2017-07-20,110.0
2017-07-21,101.0
2017-07-22,123.0
2017-07-23,128.0
2017-07-24,100.0
2017-07-25,161.0
2017-07-26,94.0
2017-07-27,87.0
2017-07-28,176.0
2017-07-29,192.0
2017-07-30,83.0
2017-07-31,114.0
2017-08-01,126.0
2017-08-02,87.0
2017-08-03,111.0
2017-08-04,123.0
2017-08-05,165.0
2017-08-06,118.0
2017-08-07,115.0
2017-08-08,89.0
2017-08-09,129.0
2017-08-10,94.0
2017-08-11,79.0
2017-08-12,153.0
2017-08-13,78.0
2017-08-14,91.0
2017-08-15,73.0
2017-08-16,60.0
2017-08-17,119.0
2017-08-18,98.0
2017-08-19,133.0
2017-08-20,100.0
2017-08-21,38.0
2017-08-22,29.0
2017-08-23,101.0
2017-08-24,100.0
2017-08-25,74.0
2017-08-26,18.0
2017-08-27,84.0
2017-08-28,98.0
2017-08-29,51.0
2017-08-30,76.0
2017-08-31,150.0
2017-09-01,137.0
2017-09-02,88.0
2017-09-03,81.0
2017-09-04,29.0
2017-09-05,83.0
2017-09-06,86.0
2017-09-07,115.0
2017-09-08,93.0
2017-09-09,135.0
2017-09-10,64.0
2017-09-11,156.0
2017-09-12,71.0
2017-09-13,71.0
2017-09-14,106.0
2017-09-15,145.0
2017-09-16,102.0
2017-09-17,112.0
2017-09-18,52.0
2017-09-19,33.0
2017-09-20,113.0
2017-09-21,119.0
2017-09-22,104.0
2017-09-23,63.0
2017-09-24,103.0
2017-09-25,116.0
2017-09-26,68.0
2017-09-27,30.0
2017-09-28,69.0
2017-09-29,131.0
2017-09-30,134.0
2017-10-01,99.0
2017-10-02,81.0
2017-10-03,63.0
2017-10-04,109.0
2017-10-05,140.0
2017-10-06,48.0
2017-10-07,124.0
2017-10-08,138.0
2017-10-09,87.0
2017-10-10,106.0
2017-10-11,143.0
2017-10-12,57.0
2017-10-13,106.0
2017-10-14,140.0
2017-10-15,101.0
2017-10-16,74.0
2017-10-17,113.0
2017-10-18,106.0
2017-10-19,84.0
2017-10-20,67.0
2017-10-21,60.0
2017-10-22,96.0
2017-10-23,87.0
2017-10-24,147.0
2017-10-25,161.0
2017-10-26,105.0
2017-10-27,86.0
2017-10-28,118.0
2017-10-29,126.0
2017-10-30,139.0
2017-10-31,140.0
2017-11-01,117.0
2017-11-02,96.0
2017-11-03,110.0
2017-11-04,92.0
2017-11-05,114.0
2017-11-06,102.0
2017-11-07,130.0
2017-11-08,79.0
2017-11-09,90.0
2017-11-10,61.0
2017-11-11,113.0
2017-11-12,82.0
2017-11-13,147.0
2017-11-14,136.0
2017-11-15,60.0
2017-11-16,103.0
2017-11-17,88.0
2017-11-18,63.0
2017-11-19,70.0
2017-11-20,87.0
2017-11-21,88.0
2017-11-22,126.0
2017-11-23,91.0
2017-11-24,108.0
2017-11-25,145.0
2017-11-26,58.0
2017-11-27,103.0
2017-11-28,101.0
2017-11-29,152.0
2017-11-30,78.0
2017-12-01,74.0
2017-12-02,61.0
2017-12-03,79.0
2017-12-04,150.0
2017-12-05,101.0
2017-12-06,75.0
2017-12-07,59.0
2017-12-08,103.0
2017-12-09,118.0
2017-12-10,98.0
2017-12-11,137.0
2017-12-12,50.0
2017-12-13,146.0
2017-12-14,91.0
2017-12-15,141.0
2017-12-16,116.0
2017-12-17,100.0
2017-12-18,78.0
2017-12-19,97.0
2017-12-20,145.0
2017-12-21,144.0
2017-12-22,97.0
2017-12-23,143.0
2017-12-24,54.0
2017-12-25,108.0
2017-12-26,105.0
2017-12-27,98.0
2017-12-28,154.0
2017-12-29,98.0
2017-12-30,87.0
2017-12-31,126.0
2018-01-01,47.0
2018-01-02,64.0
2018-01-03,113.0
2018-01-04,93.0
2018-01-05,50.0
2018-01-06,92.0
2018-01-07,124.0
2018-01-08,62.0
2018-01-09,104.0
2018-01-10,119.0
2018-01-11,105.0
2018-01-12,116.0
2018-01-13,110.0
2018-01-14,171.0
2018-01-15,114.0
2018-01-16,78.0
2018-01-17,73.0
2018-01-18,159.0
2018-01-19,157.0
2018-01-20,81.0
2018-01-21,52.0
2018-01-22,154.0
2018-01-23,70.0
2018-01-24,108.0
2018-01-25,97.0
2018-01-26,64.0
2018-01-27,119.0
2018-01-28,128.0
2018-01-29,138.0
2018-01-30,71.0
2018-01-31,150.0
2018-02-01,58.0
2018-02-02,173.0
2018-02-03,13.0
2018-02-04,101.0
2018-02-05,98.0
2018-02-06,90.0
2018-02-07,98.0
2018-02-08,87.0
2018-02-09,114.0
2018-02-10,59.0
2018-02-11,152.0
2018-02-12,76.0
2018-02-13,106.0
2018-02-14,74.0
2018-02-15,103.0
2018-02-16,112.0
2018-02-17,178.0
2018-02-18,114.0
2018-02-19,104.0
2018-02-20,137.0
2018-02-21,97.0
2018-02-22,85.0
2018-02-23,114.0
2018-02-24,131.0
2018-02-25,109.0
2018-02-26,47.0
2018-02-27,84.0
2018-02-28,95.0
2018-03-01,114.0
2018-03-02,124.0
2018-03-03,126.0
2018-03-04,127.0
2018-03-05,27.0
2018-03-06,99.0
2018-03-07,97.0
2018-03-08,72.0
2018-03-09,102.0
2018-03-10,100.0
2018-03-11,106.0
2018-03-12,120.0
2018-03-13,82.0
2018-03-14,83.0
2018-03-15,117.0
2018-03-16,107.0
2018-03-17,104.0
2018-03-18,14.0
2018-03-19,123.0
2018-03-20,70.0
2018-03-21,105.0
2018-03-22,26.0
2018-03-23,106.0
2018-03-24,138.0
2018-03-25,88.0
2018-03-26,67.0
2018-03-27,108.0
2018-03-28,122.0
2018-03-29,41.0
2018-03-30,158.0
2018-03-31,53.0
2018-04-01,107.0
2018-04-02,90.0
2018-04-03,100.0
2018-04-04,130.0
2018-04-05,108.0
2018-04-06,102.0
2018-04-07,102.0
2018-04-08,36.0
2018-04-09,107.0
2018-04-10,63.0
2018-04-11,118.0
2018-04-12,118.0
2018-04-13,71.0
2018-04-14,82.0
2018-04-15,45.0
2018-04-16,74.0
2018-04-17,7.0
2018-04-18,182.0
2018-04-19,109.0
2018-04-20,125.0
2018-04-21,45.0
2018-04-22,111.0
2018-04-23,152.0
2018-04-24,123.0
2018-04-25,78.0
2018-04-26,100.0
2018-04-27,69.0
2018-04-28,87.0
2018-04-29,100.0
2018-04-30,100.0
2018-05-01,122.0
2018-05-02,78.0
2018-05-03,126.0
2018-05-04,115.0
2018-05-05,136.0
2018-05-06,148.0
2018-05-07,129.0
2018-05-08,110.0
2018-05-09,53.0
2018-05-10,90.0
2018-05-11,107.0
2018-05-12,128.0
2018-05-13,115.0
2018-05-14,127.0
2018-05-15,156.0
2018-05-16,98.0
2018-05-17,73.0
2018-05-18,164.0
2018-05-19,126.0
2018-05-20,65.0
2018-05-21,36.0
2018-05-22,67.0
2018-05-23,119.0
2018-05-24,127.0
2018-05-25,92.0
2018-05-26,169.0
2018-05-27,122.0
2018-05-28,121.0
2018-05-29,81.0
2018-05-30,94.0
2018-05-31,44.0
2018-06-01,125.0
2018-06-02,105.0
2018-06-03,130.0
2018-06-04,108.0
2018-06-05,118.0
2018-06-06,112.0
2018-06-07,93.0
2018-06-08,130.0
2018-06-09,93.0
2018-06-10,108.0
2018-06-11,83.0
2018-06-12,149.0
2018-06-13,145.0
2018-06-14,118.0
2018-06-15,88.0
2018-06-16,85.0
2018-06-17,87.0
2018-06-18,106.0
2018-06-19,142.0
2018-06-20,93.0
2018-06-21,90.0
2018-06-22,54.0
2018-06-23,83.0
2018-06-24,95.0
2018-06-25,137.0
2018-06-26,116.0
2018-06-27,136.0
2018-06-28,85.0
2018-06-29,107.0
2018-06-30,90.0
2018-07-01,91.0
2018-07-02,55.0
2018-07-03,104.0
2018-07-04,85.0
2018-07-05,122.0
2018-07-06,160.0
2018-07-07,95.0
2018-07-08,131.0
2018-07-09,81.0
2018-07-10,132.0
2018-07-11,47.0
2018-07-12,131.0
2018-07-13,95.0
2018-07-14,138.0
2018-07-15,111.0
2018-07-16,79.0
2018-07-17,92.0
2018-07-18,135.0
2018-07-19,57.0
2018-07-20,65.0
2018-07-21,139.0
2018-07-22,143.0
2018-07-23,174.0
2018-07-24,98.0
2018-07-25,48.0
2018-07-26,42.0
2018-07-27,120.0
2018-07-28,61.0
2018-07-29,117.0
2018-07-30,92.0
2018-07-31,181.0
2018-08-01,106.0
2018-08-02,77.0
2018-08-03,90.0
2018-08-04,196.0
2018-08-05,85.0
2018-08-06,120.0
2018-08-07,71.0
2018-08-08,103.0
2018-08-09,85.0
2018-08-10,113.0
2018-08-11,77.0
2018-08-12,104.0
2018-08-13,59.0
2018-08-14,185.0
2018-08-15,137.0
2018-08-16,115.0
2018-08-17,143.0
2018-08-18,93.0
2018-08-19,162.0
2018-08-20,118.0
2018-08-21,114.0
2018-08-22,49.0
2018-08-23,79.0
2018-08-24,100.0
2018-08-25,119.0
2018-08-26,58.0
2018-08-27,47.0
2018-08-28,33.0
2018-08-29,100.0
2018-08-30,80.0
2018-08-31,115.0
2018-09-01,60.0
2018-09-02,110.0
2018-09-03,97.0
2018-09-04,104.0
2018-09-05,130.0
2018-09-06,104.0
2018-09-07,60.0
2018-09-08,38.0
2018-09-09,5.0
2018-09-10,118.0
2018-09-11,149.0
2018-09-12,95.0
2018-09-13,139.0
2018-09-14,109.0
2018-09-15,67.0
2018-09-16,91.0
2018-09-17,123.0
2018-09-18,134.0
2018-09-19,94.0
2018-09-20,108.0
2018-09-21,85.0
2018-09-22,64.0
2018-09-23,134.0
2018-09-24,80.0
2018-09-25,119.0
2018-09-26,132.0
2018-09-27,73.0
2018-09-28,111.0
2018-09-29,135.0
2018-09-30,113.0
2018-10-01,119.0
2018-10-02,114.0
2018-10-03,103.0
2018-10-04,138.0
2018-10-05,92.0
2018-10-06,95.0
2018-10-07,117.0
2018-10-08,67.0
2018-10-09,173.0
2018-10-10,104.0
2018-10-11,114.0
2018-10-12,102.0
2018-10-13,114.0
2018-10-14,93.0
2018-10-15,85.0
2018-10-16,62.0
2018-10-17,133.0
2018-10-18,52.0
2018-10-19,96.0
2018-10-20,136.0
2018-10-21,70.0
2018-10-22,37.0
2018-10-23,121.0
2018-10-24,143.0
2018-10-25,141.0
2018-10-26,60.0
2018-10-27,108.0
2018-10-28,88.0
2018-10-29,53.0
2018-10-30,68.0
2018-10-31,132.0
2018-11-01,67.0
2018-11-02,62.0
2018-11-03,95.0
2018-11-04,143.0
2018-11-05,36.0
2018-11-06,98.0
2018-11-07,78.0
2018-11-08,94.0
2018-11-09,144.0
2018-11-10,126.0
2018-11-11,90.0
2018-11-12,108.0
2018-11-13,122.0
2018-11-14,105.0
2018-11-15,56.0
2018-11-16,97.0
2018-11-17,71.0
2018-11-18,112.0
2018-11-19,96.0
2018-11-20,82.0
2018-11-21,148.0
2018-11-22,67.0
2018-11-23,90.0
2018-11-24,81.0
2018-11-25,101.0
2018-11-26,100.0
2018-11-27,103.0
2018-11-28,86.0
2018-11-29,158.0
2018-11-30,120.0
2018-12-01,109.0
2018-12-02,111.0
2018-12-03,128.0
2018-12-04,91.0
2018-12-05,116.0
2018-12-06,50.0
2018-12-07,58.0
2018-12-08,97.0
2018-12-09,97.0
2018-12-10,111.0
2018-12-11,59.0
2018-12-12,135.0
2018-12-13,131.0
2018-12-14,132.0
2018-12-15,83.0
2018-12-16,128.0
2018-12-17,73.0
2018-12-18,80.0
2018-12-19,135.0
2018-12-20,94.0
2018-12-21,102.0
2018-12-22,75.0
2018-12-23,142.0
2018-12-24,180.0
2018-12-25,88.0
2018-12-26,65.0
2018-12-27,112.0
2018-12-28,109.0
2018-12-29,98.0
2018-12-30,136.0
2018-12-31,94.0
2019-01-01,42.0
2019-01-02,86.0
2019-01-03,90.0
2019-01-04,59.0
2019-01-05,86.0
2019-01-06,84.0
2019-01-07,113.0
2019-01-08,102.0
2019-01-09,96.0
2019-01-10,80.0
2019-01-11,114.0
2019-01-12,104.0
2019-01-13,94.0
2019-01-14,89.0
2019-01-15,154.0
2019-01-16,82.0
2019-01-17,112.0
2019-01-18,88.0
2019-01-19,127.0
2019-01-20,97.0
2019-01-21,99.0
2019-01-22,94.0
2019-01-23,121.0
2019-01-24,131.0
2019-01-25,66.0
2019-01-26,80.0
2019-01-27,97.0
2019-01-28,118.0
2019-01-29,118.0
2019-01-30,109.0
2019-01-31,85.0
2019-02-01,91.0
2019-02-02,113.0
2019-02-03,159.0
2019-02-04,75.0
2019-02-05,92.0
2019-02-06,149.0
2019-02-07,151.0
2019-02-08,48.0
2019-02-09,58.0
2019-02-10,115.0
2019-02-11,81.0
2019-02-12,106.0
2019-02-13,197.0
2019-02-14,112.0
2019-02-15,134.0
2019-02-16,81.0
2019-02-17,97.0
2019-02-18,117.0
2019-02-19,89.0
2019-02-20,95.0
2019-02-21,104.0
2019-02-22,130.0
2019-02-23,96.0
2019-02-24,85.0
2019-02-25,53.0
2019-02-26,122.0
2019-02-27,63.0
2019-02-28,79.0
2019-03-01,86.0
2019-03-02,1.0
2019-03-03,61.0
2019-03-04,114.0
2019-03-05,6.0
2019-03-06,124.0
2019-03-07,85.0
2019-03-08,107.0
2019-03-09,96.0
2019-03-10,91.0
2019-03-11,116.0
2019-03-12,39.0
2019-03-13,96.0
2019-03-14,118.0
2019-03-15,71.0
2019-03-16,95.0
2019-03-17,99.0
2019-03-18,99.0
2019-03-19,61.0
2019-03-20,138.0
2019-03-21,87.0
2019-03-22,135.0
2019-03-23,40.0
2019-03-24,124.0
2019-03-25,85.0
2019-03-26,84.0
2019-03-27,70.0
2019-03-28,109.0
2019-03-29,66.0
2019-03-30,101.0
2019-03-31,130.0
2019-04-01,50.0
2019-04-02,139.0
2019-04-03,113.0
2019-04-04,130.0
2019-04-05,84.0
2019-04-06,83.0
2019-04-07,133.0
2019-04-08,75.0
2019-04-09,107.0
2019-04-10,112.0
2019-04-11,152.0
2019-04-12,102.0
2019-04-13,67.0
2019-04-14,153.0
2019-04-15,124.0
2019-04-16,93.0
2019-04-17,155.0
2019-04-18,64.0
2019-04-19,120.0
2019-04-20,115.0
2019-04-21,112.0
2019-04-22,87.0
2019-04-23,129.0
2019-04-24,106.0
2019-04-25,61.0
2019-04-26,156.0
2019-04-27,102.0
2019-04-28,137.0
2019-04-29,46.0
2019-04-30,98.0
2019-05-01,96.0
2019-05-02,45.0
2019-05-03,160.0
2019-05-04,100.0
2019-05-05,53.0
2019-05-06,151.0
2019-05-07,89.0
2019-05-08,106.0
2019-05-09,107.0
2019-05-10,84.0
2019-05-11,101.0
2019-05-12,103.0
2019-05-13,98.0
2019-05-14,82.0
2019-05-15,83.0
2019-05-16,91.0
2019-05-17,100.0
2019-05-18,97.0
2019-05-19,129.0
2019-05-20,54.0
2019-05-21,106.0
2019-05-22,74.0
2019-05-23,144.0
2019-05-24,52.0
2019-05-25,44.0
2019-05-26,78.0
2019-05-27,113.0
2019-05-28,125.0
2019-05-29,132.0
2019-05-30,80.0
2019-05-31,156.0
2019-06-01,97.0
2019-06-02,88.0
2019-06-03,109.0
2019-06-04,102.0
2019-06-05,99.0
2019-06-06,147.0
2019-06-07,73.0
2019-06-08,88.0
2019-06-09,140.0
2019-06-10,83.0
2019-06-11,113.0
2019-06-12,135.0
2019-06-13,147.0
2019-06-14,101.0
2019-06-15,96.0
2019-06-16,78.0
2019-06-17,108.0
2019-06-18,99.0
2019-06-19,80.0
2019-06-20,94.0
2019-06-21,80.0
2019-06-22,136.0
2019-06-23,204.0
2019-06-24,145.0
2019-06-25,101.0
2019-06-26,85.0
2019-06-27,118.0
2019-06-28,61.0
2019-06-29,57.0
2019-06-30,74.0
2019-07-01,110.0
2019-07-02,137.0
2019-07-03,79.0
2019-07-04,76.0
2019-07-05,94.0
2019-07-06,162.0
2019-07-07,89.0
2019-07-08,73.0
2019-07-09,73.0
2019-07-10,113.0
2019-07-11,106.0
2019-07-12,83.0
2019-07-13,161.0
2019-07-14,97.0
2019-07-15,168.0
2019-07-16,132.0
2019-07-17,60.0
2019-07-18,129.0
2019-07-19,121.0
2019-07-20,82.0
2019-07-21,67.0
2019-07-22,82.0
2019-07-23,63.0
2019-07-24,102.0
2019-07-25,56.0
2019-07-26,134.0
2019-07-27,67.0
2019-07-28,115.0
2019-07-29,99.0
2019-07-30,147.0
2019-07-31,153.0
2019-08-01,115.0
2019-08-02,117.0
2019-08-03,107.0
2019-08-04,117.0
2019-08-05,61.0
2019-08-06,114.0
2019-08-07,97.0
2019-08-08,153.0
2019-08-09,126.0
2019-08-10,104.0
2019-08-11,126.0
2019-08-12,175.0
2019-08-13,128.0
2019-08-14,81.0
2019-08-15,122.0
2019-08-16,160.0
2019-08-17,85.0
2019-08-18,136.0
2019-08-19,91.0
2019-08-20,121.0
2019-08-21,67.0
2019-08-22,134.0
2019-08-23,135.0
2019-08-24,134.0
2019-08-25,103.0
2019-08-26,63.0
2019-08-27,140.0
2019-08-28,188.0
2019-08-29,99.0
2019-08-30,115.0
2019-08-31,87.0
2019-09-01,109.0
2019-09-02,129.0
2019-09-03,118.0
2019-09-04,118.0
2019-09-05,106.0
2019-09-06,112.0
2019-09-07,80.0
2019-09-08,112.0
2019-09-09,52.0
2019-09-10,56.0
2019-09-11,123.0
2019-09-12,36.0
2019-09-13,102.0
2019-09-14,134.0
2019-09-15,54.0
2019-09-16,57.0
2019-09-17,86.0
2019-09-18,67.0
2019-09-19,66.0
2019-09-20,38.0
2019-09-21,96.0
2019-09-22,76.0
2019-09-23,121.0
2019-09-24,96.0
2019-09-25,63.0
2019-09-26,49.0
2019-09-27,21.0
2019-09-28,119.0
2019-09-29,70.0
2019-09-30,63.0
2019-10-01,60.0
2019-10-02,128.0
2019-10-03,108.0
2019-10-04,92.0
2019-10-05,125.0
2019-10-06,89.0
2019-10-07,35.0
2019-10-08,104.0
2019-10-09,82.0
2019-10-10,92.0
2019-10-11,113.0
2019-10-12,83.0
2019-10-13,118.0
2019-10-14,83.0
2019-10-15,122.0
2019-10-16,65.0
2019-10-17,170.0
2019-10-18,108.0
2019-10-19,78.0
2019-10-20,90.0
2019-10-21,73.0
2019-10-22,128.0
2019-10-23,152.0
2019-10-24,113.0
2019-10-25,85.0
2019-10-26,110.0
2019-10-27,58.0
2019-10-28,77.0
2019-10-29,124.0
2019-10-30,67.0
2019-10-31,116.0
2019-11-01,108.0
2019-11-02,83.0
2019-11-03,30.0
2019-11-04,128.0
2019-11-05,176.0
2019-11-06,103.0
2019-11-07,135.0
2019-11-08,106.0
2019-11-09,126.0
2019-11-10,114.0
2019-11-11,90.0
2019-11-12,85.0
2019-11-13,94.0
2019-11-14,88.0
2019-11-15,65.0
2019-11-16,73.0
2019-11-17,129.0
2019-11-18,110.0
2019-11-19,118.0
2019-11-20,124.0
2019-11-21,79.0
2019-11-22,103.0
2019-11-23,109.0
2019-11-24,103.0
2019-11-25,77.0
2019-11-26,145.0
2019-11-27,55.0
2019-11-28,81.0
2019-11-29,95.0
2019-11-30,129.0
2019-12-01,105.0
2019-12-02,89.0
2019-12-03,147.0
2019-12-04,114.0
2019-12-05,66.0
2019-12-06,75.0
2019-12-07,85.0
2019-12-08,46.0
2019-12-09,126.0
2019-12-10,166.0
2019-12-11,87.0
2019-12-12,108.0
2019-12-13,128.0
2019-12-14,142.0
2019-12-15,159.0
2019-12-16,85.0
2019-12-17,80.0
2019-12-18,177.0
2019-12-19,88.0
2019-12-20,96.0
2019-12-21,135.0
2019-12-22,73.0
2019-12-23,95.0
2019-12-24,162.0
2019-12-25,90.0
2019-12-26,119.0
2019-12-27,102.0
2019-12-28,102.0
2019-12-29,151.0
2019-12-30,171.0
2019-12-31,128.0
2020-01-01,154.0
2020-01-02,108.0
2020-01-03,123.0
2020-01-04,139.0
2020-01-05,127.0
2020-01-06,123.0
2020-01-07,152.0
2020-01-08,45.0
2020-01-09,144.0
2020-01-10,152.0
2020-01-11,103.0
2020-01-12,106.0
2020-01-13,96.0
2020-01-14,117.0
2020-01-15,102.0
2020-01-16,101.0
2020-01-17,100.0
2020-01-18,116.0
2020-01-19,64.0
2020-01-20,84.0
2020-01-21,69.0
2020-01-22,94.0
2020-01-23,81.0
2020-01-24,104.0
2020-01-25,105.0
2020-01-26,81.0
2020-01-27,114.0
2020-01-28,73.0
2020-01-29,57.0
2020-01-30,136.0
2020-01-31,108.0
2020-02-01,132.0
2020-02-02,110.0
2020-02-03,109.0
2020-02-04,32.0
2020-02-05,112.0
2020-02-06,117.0
2020-02-07,49.0
2020-02-08,100.0
2020-02-09,111.0
2020-02-10,147.0
2020-02-11,131.0
2020-02-12,108.0
2020-02-13,108.0
2020-02-14,167.0
2020-02-15,49.0
2020-02-16,73.0
2020-02-17,48.0
2020-02-18,83.0
2020-02-19,109.0
2020-02-20,60.0
2020-02-21,135.0
2020-02-22,76.0
2020-02-23,46.0
2020-02-24,96.0
2020-02-25,108.0
2020-02-26,33.0
2020-02-27,114.0
2020-02-28,112.0
2020-02-29,85.0
2020-03-01,132.0
2020-03-02,46.0
2020-03-03,107.0
2020-03-04,114.0
2020-03-05,99.0
2020-03-06,104.0
2020-03-07,57.0
2020-03-08,125.0
2020-03-09,100.0
2020-03-10,142.0
2020-03-11,68.0
2020-03-12,113.0
2020-03-13,104.0
2020-03-14,123.0
2020-03-15,107.0
2020-03-16,103.0
2020-03-17,143.0
2020-03-18,144.0
2020-03-19,59.0
2020-03-20,198.0
2020-03-21,98.0
2020-03-22,77.0
2020-03-23,65.0
2020-03-24,79.0
2020-03-25,97.0
2020-03-26,101.0
2020-03-27,71.0
2020-03-28,88.0
2020-03-29,152.0
2020-03-30,116.0
2020-03-31,64.0
2020-04-01,67.0
2020-04-02,166.0
2020-04-03,104.0
2020-04-04,115.0
2020-04-05,68.0
2020-04-06,90.0
2020-04-07,115.0
2020-04-08,56.0
2020-04-09,74.0
2020-04-10,94.0
2020-04-11,114.0
2020-04-12,154.0
2020-04-13,50.0
2020-04-14,123.0
2020-04-15,68.0
2020-04-16,135.0
2020-04-17,64.0
2020-04-18,109.0
2020-04-19,102.0
2020-04-20,109.0
2020-04-21,132.0
2020-04-22,103.0
2020-04-23,97.0
2020-04-24,78.0
2020-04-25,51.0
2020-04-26,117.0
2020-04-27,8.0
2020-04-28,109.0
2020-04-29,58.0
2020-04-30,130.0
2020-05-01,91.0
2020-05-02,82.0
2020-05-03,57.0
2020-05-04,137.0
2020-05-05,102.0
2020-05-06,49.0
2020-05-07,78.0
2020-05-08,109.0
2020-05-09,160.0
2020-05-10,89.0
2020-05-11,47.0
2020-05-12,109.0
2020-05-13,145.0
2020-05-14,142.0
2020-05-15,63.0
2020-05-16,93.0
2020-05-17,85.0
2020-05-18,94.0
2020-05-19,130.0
2020-05-20,128.0
2020-05-21,100.0
2020-05-22,91.0
2020-05-23,66.0
2020-05-24,39.0
2020-05-25,99.0
2020-05-26,97.0
2020-05-27,157.0
2020-05-28,89.0
2020-05-29,127.0
2020-05-30,10.0
2020-05-31,107.0
2020-06-01,148.0
2020-06-02,74.0
2020-06-03,87.0
2020-06-04,106.0
2020-06-05,56.0
2020-06-06,84.0
2020-06-07,98.0
2020-06-08,144.0
2020-06-09,94.0
2020-06-10,38.0
2020-06-11,53.0
2020-06-12,92.0
2020-06-13,90.0
2020-06-14,118.0
2020-06-15,110.0
2020-06-16,81.0
2020-06-17,126.0
2020-06-18,80.0
2020-06-19,100.0
2020-06-20,84.0
2020-06-21,83.0
2020-06-22,144.0
2020-06-23,86.0
2020-06-24,176.0
2020-06-25,139.0
2020-06-26,69.0
2020-06-27,73.0
2020-06-28,74.0
2020-06-29,87.0
2020-06-30,72.0
2020-07-01,63.0
2020-07-02,50.0
2020-07-03,131.0
2020-07-04,132.0
2020-07-05,78.0
2020-07-06,150.0
2020-07-07,122.0
2020-07-08,93.0
2020-07-09,76.0
2020-07-10,129.0
2020-07-11,75.0
2020-07-12,79.0
2020-07-13,121.0
2020-07-14,117.0
2020-07-15,78.0
2020-07-16,77.0
2020-07-17,125.0
2020-07-18,156.0
2020-07-19,116.0
2020-07-20,76.0
2020-07-21,125.0
2020-07-22,121.0
2020-07-23,95.0
2020-07-24,61.0
2020-07-25,100.0
2020-07-26,131.0
2020-07-27,89.0
2020-07-28,120.0
2020-07-29,92.0
2020-07-30,92.0
2020-07-31,75.0
2020-08-01,101.0
2020-08-02,137.0
2020-08-03,79.0
2020-08-04,97.0
2020-08-05,142.0
2020-08-06,108.0
2020-08-07,86.0
2020-08-08,41.0
2020-08-09,43.0
2020-08-10,161.0
2020-08-11,86.0
2020-08-12,91.0
2020-08-13,92.0
2020-08-14,74.0
2020-08-15,118.0
2020-08-16,130.0
2020-08-17,75.0
2020-08-18,152.0
2020-08-19,82.0
2020-08-20,47.0
2020-08-21,85.0
2020-08-22,131.0
2020-08-23,100.0
2020-08-24,124.0
2020-08-25,119.0
2020-08-26,111.0
2020-08-27,147.0
2020-08-28,132.0
2020-08-29,62.0
2020-08-30,166.0
2020-08-31,49.0
2020-09-01,58.0
2020-09-02,73.0
2020-09-03,105.0
2020-09-04,109.0
2020-09-05,90.0
2020-09-06,106.0
2020-09-07,111.0
2020-09-08,152.0
2020-09-09,44.0
2020-09-10,96.0
2020-09-11,92.0
2020-09-12,151.0
2020-09-13,122.0
2020-09-14,98.0
2020-09-15,90.0
2020-09-16,66.0
2020-09-17,76.0
2020-09-18,129.0
2020-09-19,106.0
2020-09-20,118.0
2020-09-21,118.0
2020-09-22,83.0
2020-09-23,58.0
2020-09-24,102.0
2020-09-25,114.0
2020-09-26,50.0
2020-09-27,106.0
2020-09-28,134.0
2020-09-29,95.0
2020-09-30,109.0
2020-10-01,114.0
2020-10-02,97.0
2020-10-03,93.0
2020-10-04,90.0
2020-10-05,66.0
2020-10-06,116.0
2020-10-07,105.0
2020-10-08,109.0
2020-10-09,144.0
2020-10-10,75.0
2020-10-11,105.0
2020-10-12,60.0
2020-10-13,136.0
2020-10-14,109.0
2020-10-15,75.0
2020-10-16,56.0
2020-10-17,70.0
2020-10-18,89.0
2020-10-19,29.0
2020-10-20,113.0
2020-10-21,134.0
2020-10-22,97.0
2020-10-23,88.0
2020-10-24,127.0
2020-10-25,126.0
2020-10-26,108.0
2020-10-27,54.0
2020-10-28,162.0
2020-10-29,117.0
2020-10-30,96.0
2020-10-31,110.0
2020-11-01,139.0
2020-11-02,127.0
2020-11-03,81.0
2020-11-04,109.0
2020-11-05,76.0
2020-11-06,58.0
2020-11-07,56.0
2020-11-08,80.0
2020-11-09,50.0
2020-11-10,84.0
2020-11-11,112.0
2020-11-12,114.0
2020-11-13,98.0
2020-11-14,115.0
2020-11-15,152.0
2020-11-16,131.0
2020-11-17,86.0
2020-11-18,57.0
2020-11-19,124.0
2020-11-20,172.0
2020-11-21,83.0
2020-11-22,68.0
2020-11-23,58.0
2020-11-24,82.0
2020-11-25,53.0
2020-11-26,167.0
2020-11-27,114.0
2020-11-28,58.0
2020-11-29,50.0
2020-11-30,81.0
2020-12-01,104.0
2020-12-02,165.0
2020-12-03,177.0
2020-12-04,126.0
2020-12-05,102.0
2020-12-06,50.0
2020-12-07,50.0
2020-12-08,102.0
2020-12-09,69.0
2020-12-10,68.0
2020-12-11,88.0
2020-12-12,178.0
2020-12-13,23.0
2020-12-14,90.0
2020-12-15,116.0
2020-12-16,95.0
2020-12-17,65.0
2020-12-18,55.0
2020-12-19,113.0
2020-12-20,156.0
2020-12-21,116.0
2020-12-22,149.0
2020-12-23,29.0
2020-12-24,138.0
2020-12-25,169.0
2020-12-26,64.0
2020-12-27,118.0
2020-12-28,114.0
2020-12-29,102.0
2020-12-30,125.0
2020-12-31,155.0
2021-01-01,117.0
2021-01-02,56.0
2021-01-03,122.0
2021-01-04,108.0
2021-01-05,92.0
2021-01-06,103.0
2021-01-07,120.0
2021-01-08,60.0
2021-01-09,97.0
2021-01-10,136.0
2021-01-11,134.0
2021-01-12,94.0
2021-01-13,168.0
2021-01-14,65.0
2021-01-15,153.0
2021-01-16,138.0
2021-01-17,114.0
2021-01-18,116.0
2021-01-19,120.0
2021-01-20,135.0
2021-01-21,43.0
2021-01-22,80.0
2021-01-23,90.0
2021-01-24,166.0
2021-01-25,85.0
2021-01-26,52.0
2021-01-27,81.0
2021-01-28,137.0
2021-01-29,106.0
2021-01-30,64.0
2021-01-31,82.0
2021-02-01,47.0
2021-02-02,102.0
2021-02-03,77.0
2021-02-04,96.0
2021-02-05,36.0
2021-02-06,101.0
2021-02-07,109.0
2021-02-08,73.0
2021-02-09,150.0
2021-02-10,136.0
2021-02-11,89.0
2021-02-12,130.0
2021-02-13,102.0
2021-02-14,77.0
2021-02-15,56.0
2021-02-16,110.0
2021-02-17,144.0
2021-02-18,134.0
2021-02-19,97.0
2021-02-20,114.0
2021-02-21,81.0
2021-02-22,82.0
2021-02-23,110.0
2021-02-24,73.0
2021-02-25,53.0
2021-02-26,46.0
2021-02-27,125.0
2021-02-28,64.0
2021-03-01,112.0
2021-03-02,131.0
2021-03-03,51.0
2021-03-04,146.0
2021-03-05,114.0
2021-03-06,95.0
2021-03-07,105.0
2021-03-08,99.0
2021-03-09,107.0
2021-03-10,126.0
2021-03-11,52.0
2021-03-12,81.0
2021-03-13,52.0
2021-03-14,74.0
2021-03-15,140.0
2021-03-16,93.0
2021-03-17,96.0
2021-03-18,94.0
2021-03-19,68.0
2021-03-20,120.0
2021-03-21,103.0
2021-03-22,90.0
2021-03-23,92.0
2021-03-24,50.0
2021-03-25,131.0
2021-03-26,94.0
2021-03-27,75.0
2021-03-28,33.0
2021-03-29,78.0
2021-03-30,113.0
2021-03-31,68.0
2021-04-01,129.0
2021-04-02,75.0
2021-04-03,91.0
2021-04-04,95.0
2021-04-05,125.0
2021-04-06,96.0
2021-04-07,109.0
2021-04-08,54.0
2021-04-09,118.0
2021-04-10,117.0
2021-04-11,115.0
2021-04-12,91.0
2021-04-13,105.0
2021-04-14,94.0
2021-04-15,77.0
2021-04-16,137.0
2021-04-17,23.0
2021-04-18,108.0
2021-04-19,100.0
2021-04-20,114.0
2021-04-21,140.0
2021-04-22,132.0
2021-04-23,155.0
2021-04-24,48.0
2021-04-25,120.0
2021-04-26,103.0
2021-04-27,88.0
2021-04-28,98.0
2021-04-29,118.0
2021-04-30,74.0
2021-05-01,108.0
2021-05-02,35.0
2021-05-03,141.0
2021-05-04,61.0
2021-05-05,145.0
2021-05-06,127.0
2021-05-07,98.0
2021-05-08,133.0
2021-05-09,98.0
2021-05-10,98.0
2021-05-11,65.0
2021-05-12,98.0
2021-05-13,89.0
2021-05-14,155.0
2021-05-15,85.0
2021-05-16,75.0
2021-05-17,110.0
2021-05-18,91.0
2021-05-19,73.0
2021-05-20,137.0
2021-05-21,65.0
2021-05-22,105.0
2021-05-23,153.0
2021-05-24,77.0
2021-05-25,74.0
2021-05-26,69.0
2021-05-27,114.0
2021-05-28,70.0
2021-05-29,58.0
2021-05-30,189.0
2021-05-31,107.0
2021-06-01,112.0
2021-06-02,74.0
2021-06-03,124.0
2021-06-04,78.0
2021-06-05,75.0
2021-06-06,152.0
2021-06-07,60.0
2021-06-08,92.0
2021-06-09,96.0
2021-06-10,130.0
2021-06-11,117.0
2021-06-12,95.0
2021-06-13,90.0
2021-06-14,132.0
2021-06-15,120.0
2021-06-16,2.0
2021-06-17,143.0
2021-06-18,113.0
2021-06-19,109.0
2021-06-20,133.0
2021-06-21,109.0
2021-06-22,93.0
2021-06-23,91.0
2021-06-24,79.0
2021-06-25,111.0
2021-06-26,151.0
2021-06-27,38.0
2021-06-28,76.0
2021-06-29,117.0
2021-06-30,132.0
2021-07-01,169.0
2021-07-02,66.0
2021-07-03,94.0
2021-07-04,93.0
2021-07-05,96.0
2021-07-06,69.0
2021-07-07,52.0
2021-07-08,56.0
2021-07-09,105.0
2021-07-10,119.0
2021-07-11,104.0
2021-07-12,81.0
2021-07-13,102.0
2021-07-14,73.0
2021-07-15,152.0
2021-07-16,95.0
2021-07-17,99.0
2021-07-18,83.0
2021-07-19,117.0
2021-07-20,83.0
2021-07-21,53.0
2021-07-22,52.0
2021-07-23,119.0
2021-07-24,34.0
2021-07-25,83.0
2021-07-26,84.0
2021-07-27,58.0
2021-07-28,59.0
2021-07-29,119.0
2021-07-30,142.0
2021-07-31,93.0
2021-08-01,140.0
2021-08-02,46.0
2021-08-03,100.0
2021-08-04,79.0
2021-08-05,86.0
2021-08-06,116.0
2021-08-07,140.0
2021-08-08,86.0
2021-08-09,104.0
2021-08-10,110.0
2021-08-11,71.0
2021-08-12,95.0
2021-08-13,125.0
2021-08-14,96.0
2021-08-15,73.0
2021-08-16,109.0
2021-08-17,88.0
2021-08-18,40.0
2021-08-19,47.0
2021-08-20,141.0
2021-08-21,96.0
2021-08-22,88.0
2021-08-23,132.0
2021-08-24,40.0
2021-08-25,67.0
2021-08-26,90.0
2021-08-27,95.0
2021-08-28,63.0
2021-08-29,84.0
2021-08-30,73.0
2021-08-31,82.0
2021-09-01,173.0
2021-09-02,87.0
2021-09-03,163.0
2021-09-04,53.0
2021-09-05,57.0
2021-09-06,76.0
2021-09-07,120.0
2021-09-08,93.0
2021-09-09,88.0
2021-09-10,147.0
2021-09-11,65.0
2021-09-12,69.0
2021-09-13,130.0
2021-09-14,119.0
2021-09-15,159.0
2021-09-16,92.0
2021-09-17,111.0
2021-09-18,114.0
2021-09-19,115.0
2021-09-20,115.0
2021-09-21,186.0
2021-09-22,38.0
2021-09-23,108.0
2021-09-24,121.0
2021-09-25,52.0
2021-09-26,77.0
2021-09-27,90.0
2021-09-28,31.0
2021-09-29,103.0
2021-09-30,18.0
2021-10-01,108.0
2021-10-02,73.0
2021-10-03,118.0
2021-10-04,81.0
2021-10-05,150.0
2021-10-06,79.0
2021-10-07,130.0
2021-10-08,91.0
2021-10-09,96.0
2021-10-10,110.0
2021-10-11,117.0
2021-10-12,94.0
2021-10-13,58.0
2021-10-14,149.0
2021-10-15,127.0
2021-10-16,170.0
2021-10-17,85.0
2021-10-18,139.0
2021-10-19,164.0
2021-10-20,100.0
2021-10-21,83.0
2021-10-22,136.0
2021-10-23,87.0
2021-10-24,79.0
2021-10-25,111.0
2021-10-26,144.0
2021-10-27,74.0
2021-10-28,133.0
2021-10-29,47.0
2021-10-30,97.0
2021-10-31,64.0
2021-11-01,109.0
2021-11-02,65.0
2021-11-03,122.0
2021-11-04,103.0
2021-11-05,103.0
2021-11-06,113.0
2021-11-07,74.0
2021-11-08,124.0
2021-11-09,90.0
2021-11-10,154.0
2021-11-11,110.0
2021-11-12,61.0
2021-11-13,157.0
2021-11-14,121.0
2021-11-15,100.0
2021-11-16,91.0
2021-11-17,96.0
2021-11-18,112.0
2021-11-19,128.0
2021-11-20,146.0
2021-11-21,133.0
2021-11-22,99.0
2021-11-23,82.0
2021-11-24,140.0
2021-11-25,90.0
2021-11-26,68.0
2021-11-27,70.0
2021-11-28,101.0
2021-11-29,183.0
2021-11-30,142.0
2021-12-01,78.0
2021-12-02,137.0
2021-12-03,60.0
2021-12-04,91.0
2021-12-05,88.0
2021-12-06,97.0
2021-12-07,124.0
2021-12-08,101.0
2021-12-09,100.0
2021-12-10,112.0
2021-12-11,51.0
2021-12-12,68.0
2021-12-13,109.0
2021-12-14,61.0
2021-12-15,64.0
2021-12-16,90.0
2021-12-17,83.0
2021-12-18,46.0
2021-12-19,69.0
2021-12-20,13.0
2021-12-21,109.0
2021-12-22,100.0
2021-12-23,94.0
2021-12-24,110.0
2021-12-25,97.0
2021-12-26,101.0
2021-12-27,66.0
2021-12-28,77.0
2021-12-29,104.0
2021-12-30,97.0
2021-12-31,136.0
2022-01-01,144.0
2022-01-02,73.0
2022-01-03,117.0
2022-01-04,121.0
2022-01-05,126.0
2022-01-06,124.0
2022-01-07,101.0
2022-01-08,159.0
2022-01-09,167.0
2022-01-10,79.0
2022-01-11,114.0
2022-01-12,82.0
2022-01-13,102.0
2022-01-14,103.0
2022-01-15,83.0
2022-01-16,97.0
2022-01-17,96.0
2022-01-18,102.0
2022-01-19,66.0
2022-01-20,85.0
2022-01-21,126.0
2022-01-22,109.0
2022-01-23,116.0
2022-01-24,186.0
2022-01-25,115.0
2022-01-26,112.0
2022-01-27,30.0
2022-01-28,108.0
2022-01-29,184.0
2022-01-30,84.0
2022-01-31,74.0
2022-02-01,42.0
2022-02-02,108.0
2022-02-03,109.0
2022-02-04,118.0
2022-02-05,121.0
2022-02-06,87.0
2022-02-07,120.0
2022-02-08,112.0
2022-02-09,87.0
2022-02-10,101.0
2022-02-11,99.0
2022-02-12,73.0
2022-02-13,69.0
2022-02-14,80.0
2022-02-15,90.0
2022-02-16,68.0
2022-02-17,152.0
2022-02-18,90.0
2022-02-19,99.0
2022-02-20,64.0
2022-02-21,96.0
2022-02-22,111.0
2022-02-23,122.0
2022-02-24,86.0
2022-02-25,69.0
2022-02-26,117.0
2022-02-27,65.0
2022-02-28,90.0
2022-03-01,115.0
2022-03-02,76.0
2022-03-03,72.0
2022-03-04,75.0
2022-03-05,144.0
2022-03-06,106.0
2022-03-07,117.0
2022-03-08,131.0
2022-03-09,73.0
2022-03-10,117.0
2022-03-11,113.0
2022-03-12,84.0
2022-03-13,111.0
2022-03-14,88.0
2022-03-15,75.0
2022-03-16,114.0
2022-03-17,88.0
2022-03-18,99.0
2022-03-19,48.0
2022-03-20,154.0
2022-03-21,80.0
2022-03-22,117.0
2022-03-23,87.0
2022-03-24,108.0
2022-03-25,95.0
2022-03-26,79.0
2022-03-27,98.0
2022-03-28,73.0
2022-03-29,124.0
2022-03-30,165.0
2022-03-31,138.0
2022-04-01,91.0
2022-04-02,51.0
2022-04-03,66.0
2022-04-04,77.0
2022-04-05,120.0
2022-04-06,79.0
2022-04-07,99.0
2022-04-08,78.0
2022-04-09,99.0
2022-04-10,150.0
2022-04-11,98.0
2022-04-12,91.0
2022-04-13,82.0
2022-04-14,82.0
2022-04-15,75.0
2022-04-16,103.0
2022-04-17,42.0
2022-04-18,69.0
2022-04-19,105.0
2022-04-20,133.0
2022-04-21,100.0
2022-04-22,54.0
2022-04-23,113.0
2022-04-24,184.0
2022-04-25,121.0
2022-04-26,90.0
2022-04-27,37.0
2022-04-28,114.0
2022-04-29,139.0
2022-04-30,69.0
2022-05-01,122.0
2022-05-02,120.0
2022-05-03,105.0
2022-05-04,126.0
2022-05-05,84.0
2022-05-06,103.0
2022-05-07,44.0
2022-05-08,59.0
2022-05-09,85.0
2022-05-10,111.0
2022-05-11,116.0
2022-05-12,98.0
2022-05-13,104.0
2022-05-14,72.0
2022-05-15,87.0
2022-05-16,55.0
2022-05-17,157.0
2022-05-18,105.0
2022-05-19,138.0
2022-05-20,153.0
2022-05-21,105.0
2022-05-22,147.0
2022-05-23,73.0
2022-05-24,98.0
2022-05-25,96.0
2022-05-26,124.0
2022-05-27,139.0
2022-05-28,129.0
2022-05-29,76.0
2022-05-30,40.0
2022-05-31,121.0
2022-06-01,135.0
2022-06-02,93.0
2022-06-03,134.0
2022-06-04,56.0
2022-06-05,125.0
2022-06-06,133.0
2022-06-07,107.0
2022-06-08,63.0
2022-06-09,63.0
2022-06-10,90.0
2022-06-11,80.0
2022-06-12,109.0
2022-06-13,141.0
2022-06-14,98.0
2022-06-15,119.0
2022-06-16,66.0
2022-06-17,71.0
2022-06-18,83.0
2022-06-19,101.0
2022-06-20,71.0
2022-06-21,131.0
2022-06-22,115.0
2022-06-23,107.0
2022-06-24,110.0
2022-06-25,77.0
2022-06-26,92.0
2022-06-27,105.0
2022-06-28,42.0
2022-06-29,119.0
2022-06-30,192.0
2022-07-01,75.0
2022-07-02,116.0
2022-07-03,20.0
2022-07-04,86.0
2022-07-05,114.0
2022-07-06,87.0
2022-07-07,100.0
2022-07-08,107.0
2022-07-09,96.0
2022-07-10,76.0
2022-07-11,114.0
2022-07-12,89.0
2022-07-13,151.0
2022-07-14,102.0
2022-07-15,160.0
2022-07-16,166.0
2022-07-17,115.0
2022-07-18,110.0
2022-07-19,34.0
2022-07-20,86.0
2022-07-21,91.0
2022-07-22,63.0
2022-07-23,112.0
2022-07-24,127.0
2022-07-25,154.0
2022-07-26,106.0
2022-07-27,97.0
2022-07-28,143.0
2022-07-29,139.0
2022-07-30,63.0
2022-07-31,108.0
2022-08-01,119.0
2022-08-02,119.0
2022-08-03,91.0
2022-08-04,78.0
2022-08-05,163.0
2022-08-06,91.0
2022-08-07,147.0
2022-08-08,109.0
2022-08-09,95.0
2022-08-10,123.0
2022-08-11,94.0
2022-08-12,42.0
2022-08-13,167.0
2022-08-14,111.0
2022-08-15,124.0
2022-08-16,166.0
2022-08-17,92.0
2022-08-18,160.0
2022-08-19,48.0
2022-08-20,92.0
2022-08-21,126.0
2022-08-22,88.0
2022-08-23,133.0
2022-08-24,135.0
2022-08-25,159.0
2022-08-26,94.0
2022-08-27,85.0
2022-08-28,126.0
2022-08-29,176.0
2022-08-30,74.0
2022-08-31,173.0
2022-09-01,104.0
2022-09-02,47.0
2022-09-03,133.0
2022-09-04,92.0
2022-09-05,133.0
2022-09-06,86.0
2022-09-07,87.0
2022-09-08,114.0
2022-09-09,114.0
2022-09-10,111.0
2022-09-11,55.0
2022-09-12,92.0
2022-09-13,95.0
2022-09-14,83.0
2022-09-15,112.0
2022-09-16,122.0
2022-09-17,111.0
2022-09-18,106.0
2022-09-19,92.0
2022-09-20,105.0
2022-09-21,87.0
2022-09-22,50.0
2022-09-23,117.0
2022-09-24,133.0
2022-09-25,53.0
2022-09-26,98.0
2022-09-27,55.0
2022-09-28,63.0
2022-09-29,131.0
2022-09-30,90.0
2022-10-01,19.0
2022-10-02,119.0
2022-10-03,60.0
2022-10-04,98.0
2022-10-05,111.0
2022-10-06,97.0
2022-10-07,112.0
2022-10-08,119.0
2022-10-09,131.0
2022-10-10,45.0
2022-10-11,154.0
2022-10-12,123.0
2022-10-13,49.0
2022-10-14,132.0
2022-10-15,58.0
2022-10-16,102.0
2022-10-17,145.0
2022-10-18,97.0
2022-10-19,88.0
2022-10-20,104.0
2022-10-21,81.0
2022-10-22,93.0
2022-10-23,96.0
2022-10-24,51.0
2022-10-25,80.0
2022-10-26,42.0
2022-10-27,126.0
2022-10-28,72.0
2022-10-29,58.0
2022-10-30,127.0
2022-10-31,56.0
2022-11-01,101.0
2022-11-02,164.0
2022-11-03,103.0
2022-11-04,158.0
2022-11-05,79.0
2022-11-06,107.0
2022-11-07,119.0
2022-11-08,103.0
2022-11-09,68.0
2022-11-10,125.0
2022-11-11,120.0
2022-11-12,176.0
2022-11-13,62.0
2022-11-14,62.0
2022-11-15,77.0
2022-11-16,148.0
2022-11-17,143.0
2022-11-18,86.0
2022-11-19,132.0
2022-11-20,117.0
2022-11-21,105.0
2022-11-22,103.0
2022-11-23,124.0
2022-11-24,122.0
2022-11-25,64.0
2022-11-26,78.0
2022-11-27,86.0
2022-11-28,128.0
2022-11-29,59.0
2022-11-30,93.0
2022-12-01,167.0
2022-12-02,91.0
2022-12-03,128.0
2022-12-04,74.0
2022-12-05,113.0
2022-12-06,100.0
2022-12-07,105.0
2022-12-08,116.0
2022-12-09,125.0
2022-12-10,13.0
2022-12-11,137.0
2022-12-12,60.0
2022-12-13,88.0
2022-12-14,85.0
2022-12-15,112.0
2022-12-16,80.0
2022-12-17,121.0
2022-12-18,99.0
2022-12-19,63.0
2022-12-20,108.0
2022-12-21,77.0
2022-12-22,129.0
2022-12-23,118.0
2022-12-24,21.0
2022-12-25,84.0
2022-12-26,63.0
2022-12-27,89.0
2022-12-28,95.0
2022-12-29,44.0
2022-12-30,58.0
2022-12-31,0.0
2023-01-01,23.0
